{
	"partitions" : [
		{
			"name" : "Top",
			"pins" : [
				{
					"name" : "key_ready",
					"strict" : false
				},
				{
					"name" : "ciphertext_word_out[0]",
					"strict" : false
				},
				{
					"name" : "ciphertext_word_out[1]",
					"strict" : false
				},
				{
					"name" : "ciphertext_word_out[2]",
					"strict" : false
				},
				{
					"name" : "ciphertext_word_out[3]",
					"strict" : false
				},
				{
					"name" : "ciphertext_word_out[4]",
					"strict" : false
				},
				{
					"name" : "ciphertext_word_out[5]",
					"strict" : false
				},
				{
					"name" : "ciphertext_word_out[6]",
					"strict" : false
				},
				{
					"name" : "ciphertext_word_out[7]",
					"strict" : false
				},
				{
					"name" : "ciphertext_word_out[8]",
					"strict" : false
				},
				{
					"name" : "ciphertext_word_out[9]",
					"strict" : false
				},
				{
					"name" : "ciphertext_word_out[10]",
					"strict" : false
				},
				{
					"name" : "ciphertext_word_out[11]",
					"strict" : false
				},
				{
					"name" : "ciphertext_word_out[12]",
					"strict" : false
				},
				{
					"name" : "ciphertext_word_out[13]",
					"strict" : false
				},
				{
					"name" : "ciphertext_word_out[14]",
					"strict" : false
				},
				{
					"name" : "ciphertext_word_out[15]",
					"strict" : false
				},
				{
					"name" : "ciphertext_word_out[16]",
					"strict" : false
				},
				{
					"name" : "ciphertext_word_out[17]",
					"strict" : false
				},
				{
					"name" : "ciphertext_word_out[18]",
					"strict" : false
				},
				{
					"name" : "ciphertext_word_out[19]",
					"strict" : false
				},
				{
					"name" : "ciphertext_word_out[20]",
					"strict" : false
				},
				{
					"name" : "ciphertext_word_out[21]",
					"strict" : false
				},
				{
					"name" : "ciphertext_word_out[22]",
					"strict" : false
				},
				{
					"name" : "ciphertext_word_out[23]",
					"strict" : false
				},
				{
					"name" : "ciphertext_word_out[24]",
					"strict" : false
				},
				{
					"name" : "ciphertext_word_out[25]",
					"strict" : false
				},
				{
					"name" : "ciphertext_word_out[26]",
					"strict" : false
				},
				{
					"name" : "ciphertext_word_out[27]",
					"strict" : false
				},
				{
					"name" : "ciphertext_word_out[28]",
					"strict" : false
				},
				{
					"name" : "ciphertext_word_out[29]",
					"strict" : false
				},
				{
					"name" : "ciphertext_word_out[30]",
					"strict" : false
				},
				{
					"name" : "ciphertext_word_out[31]",
					"strict" : false
				},
				{
					"name" : "ciphertext_ready",
					"strict" : false
				},
				{
					"name" : "data_word_out[0]",
					"strict" : false
				},
				{
					"name" : "data_word_out[1]",
					"strict" : false
				},
				{
					"name" : "data_word_out[2]",
					"strict" : false
				},
				{
					"name" : "data_word_out[3]",
					"strict" : false
				},
				{
					"name" : "data_word_out[4]",
					"strict" : false
				},
				{
					"name" : "data_word_out[5]",
					"strict" : false
				},
				{
					"name" : "data_word_out[6]",
					"strict" : false
				},
				{
					"name" : "data_word_out[7]",
					"strict" : false
				},
				{
					"name" : "data_word_out[8]",
					"strict" : false
				},
				{
					"name" : "data_word_out[9]",
					"strict" : false
				},
				{
					"name" : "data_word_out[10]",
					"strict" : false
				},
				{
					"name" : "data_word_out[11]",
					"strict" : false
				},
				{
					"name" : "data_word_out[12]",
					"strict" : false
				},
				{
					"name" : "data_word_out[13]",
					"strict" : false
				},
				{
					"name" : "data_word_out[14]",
					"strict" : false
				},
				{
					"name" : "data_word_out[15]",
					"strict" : false
				},
				{
					"name" : "data_word_out[16]",
					"strict" : false
				},
				{
					"name" : "data_word_out[17]",
					"strict" : false
				},
				{
					"name" : "data_word_out[18]",
					"strict" : false
				},
				{
					"name" : "data_word_out[19]",
					"strict" : false
				},
				{
					"name" : "data_word_out[20]",
					"strict" : false
				},
				{
					"name" : "data_word_out[21]",
					"strict" : false
				},
				{
					"name" : "data_word_out[22]",
					"strict" : false
				},
				{
					"name" : "data_word_out[23]",
					"strict" : false
				},
				{
					"name" : "data_word_out[24]",
					"strict" : false
				},
				{
					"name" : "data_word_out[25]",
					"strict" : false
				},
				{
					"name" : "data_word_out[26]",
					"strict" : false
				},
				{
					"name" : "data_word_out[27]",
					"strict" : false
				},
				{
					"name" : "data_word_out[28]",
					"strict" : false
				},
				{
					"name" : "data_word_out[29]",
					"strict" : false
				},
				{
					"name" : "data_word_out[30]",
					"strict" : false
				},
				{
					"name" : "data_word_out[31]",
					"strict" : false
				},
				{
					"name" : "data_ready",
					"strict" : false
				},
				{
					"name" : "leds[0]",
					"strict" : false
				},
				{
					"name" : "leds[1]",
					"strict" : false
				},
				{
					"name" : "leds[2]",
					"strict" : false
				},
				{
					"name" : "leds[3]",
					"strict" : false
				},
				{
					"name" : "key_valid",
					"strict" : false
				},
				{
					"name" : "clk",
					"strict" : false
				},
				{
					"name" : "reset_n",
					"strict" : false
				},
				{
					"name" : "data_word_in[4]",
					"strict" : false
				},
				{
					"name" : "data_valid",
					"strict" : false
				},
				{
					"name" : "data_word_in[5]",
					"strict" : false
				},
				{
					"name" : "data_word_in[6]",
					"strict" : false
				},
				{
					"name" : "data_word_in[7]",
					"strict" : false
				},
				{
					"name" : "key_word_in[0]",
					"strict" : false
				},
				{
					"name" : "data_word_in[0]",
					"strict" : false
				},
				{
					"name" : "key_word_in[1]",
					"strict" : false
				},
				{
					"name" : "data_word_in[1]",
					"strict" : false
				},
				{
					"name" : "key_word_in[2]",
					"strict" : false
				},
				{
					"name" : "data_word_in[2]",
					"strict" : false
				},
				{
					"name" : "key_word_in[3]",
					"strict" : false
				},
				{
					"name" : "data_word_in[3]",
					"strict" : false
				},
				{
					"name" : "key_word_in[4]",
					"strict" : false
				},
				{
					"name" : "key_word_in[5]",
					"strict" : false
				},
				{
					"name" : "key_word_in[6]",
					"strict" : false
				},
				{
					"name" : "key_word_in[7]",
					"strict" : false
				},
				{
					"name" : "key_word_in[8]",
					"strict" : false
				},
				{
					"name" : "data_word_in[8]",
					"strict" : false
				},
				{
					"name" : "key_word_in[9]",
					"strict" : false
				},
				{
					"name" : "data_word_in[9]",
					"strict" : false
				},
				{
					"name" : "key_word_in[10]",
					"strict" : false
				},
				{
					"name" : "data_word_in[10]",
					"strict" : false
				},
				{
					"name" : "key_word_in[11]",
					"strict" : false
				},
				{
					"name" : "data_word_in[11]",
					"strict" : false
				},
				{
					"name" : "key_word_in[12]",
					"strict" : false
				},
				{
					"name" : "data_word_in[12]",
					"strict" : false
				},
				{
					"name" : "key_word_in[13]",
					"strict" : false
				},
				{
					"name" : "data_word_in[13]",
					"strict" : false
				},
				{
					"name" : "key_word_in[14]",
					"strict" : false
				},
				{
					"name" : "data_word_in[14]",
					"strict" : false
				},
				{
					"name" : "key_word_in[15]",
					"strict" : false
				},
				{
					"name" : "data_word_in[15]",
					"strict" : false
				},
				{
					"name" : "key_word_in[16]",
					"strict" : false
				},
				{
					"name" : "data_word_in[16]",
					"strict" : false
				},
				{
					"name" : "key_word_in[17]",
					"strict" : false
				},
				{
					"name" : "data_word_in[17]",
					"strict" : false
				},
				{
					"name" : "key_word_in[18]",
					"strict" : false
				},
				{
					"name" : "data_word_in[18]",
					"strict" : false
				},
				{
					"name" : "key_word_in[19]",
					"strict" : false
				},
				{
					"name" : "data_word_in[19]",
					"strict" : false
				},
				{
					"name" : "key_word_in[20]",
					"strict" : false
				},
				{
					"name" : "data_word_in[20]",
					"strict" : false
				},
				{
					"name" : "key_word_in[21]",
					"strict" : false
				},
				{
					"name" : "data_word_in[21]",
					"strict" : false
				},
				{
					"name" : "key_word_in[22]",
					"strict" : false
				},
				{
					"name" : "data_word_in[22]",
					"strict" : false
				},
				{
					"name" : "key_word_in[23]",
					"strict" : false
				},
				{
					"name" : "data_word_in[23]",
					"strict" : false
				},
				{
					"name" : "key_word_in[24]",
					"strict" : false
				},
				{
					"name" : "data_word_in[24]",
					"strict" : false
				},
				{
					"name" : "key_word_in[25]",
					"strict" : false
				},
				{
					"name" : "data_word_in[25]",
					"strict" : false
				},
				{
					"name" : "key_word_in[26]",
					"strict" : false
				},
				{
					"name" : "data_word_in[26]",
					"strict" : false
				},
				{
					"name" : "key_word_in[27]",
					"strict" : false
				},
				{
					"name" : "data_word_in[27]",
					"strict" : false
				},
				{
					"name" : "key_word_in[28]",
					"strict" : false
				},
				{
					"name" : "data_word_in[28]",
					"strict" : false
				},
				{
					"name" : "key_word_in[29]",
					"strict" : false
				},
				{
					"name" : "data_word_in[29]",
					"strict" : false
				},
				{
					"name" : "key_word_in[30]",
					"strict" : false
				},
				{
					"name" : "data_word_in[30]",
					"strict" : false
				},
				{
					"name" : "key_word_in[31]",
					"strict" : false
				},
				{
					"name" : "data_word_in[31]",
					"strict" : false
				},
				{
					"name" : "ciphertext_word_in[0]",
					"strict" : false
				},
				{
					"name" : "ciphertext_valid",
					"strict" : false
				},
				{
					"name" : "ciphertext_word_in[1]",
					"strict" : false
				},
				{
					"name" : "ciphertext_word_in[2]",
					"strict" : false
				},
				{
					"name" : "ciphertext_word_in[3]",
					"strict" : false
				},
				{
					"name" : "ciphertext_word_in[4]",
					"strict" : false
				},
				{
					"name" : "ciphertext_word_in[5]",
					"strict" : false
				},
				{
					"name" : "ciphertext_word_in[6]",
					"strict" : false
				},
				{
					"name" : "ciphertext_word_in[7]",
					"strict" : false
				},
				{
					"name" : "ciphertext_word_in[8]",
					"strict" : false
				},
				{
					"name" : "ciphertext_word_in[9]",
					"strict" : false
				},
				{
					"name" : "ciphertext_word_in[10]",
					"strict" : false
				},
				{
					"name" : "ciphertext_word_in[11]",
					"strict" : false
				},
				{
					"name" : "ciphertext_word_in[12]",
					"strict" : false
				},
				{
					"name" : "ciphertext_word_in[13]",
					"strict" : false
				},
				{
					"name" : "ciphertext_word_in[14]",
					"strict" : false
				},
				{
					"name" : "ciphertext_word_in[15]",
					"strict" : false
				},
				{
					"name" : "ciphertext_word_in[16]",
					"strict" : false
				},
				{
					"name" : "ciphertext_word_in[17]",
					"strict" : false
				},
				{
					"name" : "ciphertext_word_in[18]",
					"strict" : false
				},
				{
					"name" : "ciphertext_word_in[19]",
					"strict" : false
				},
				{
					"name" : "ciphertext_word_in[20]",
					"strict" : false
				},
				{
					"name" : "ciphertext_word_in[21]",
					"strict" : false
				},
				{
					"name" : "ciphertext_word_in[22]",
					"strict" : false
				},
				{
					"name" : "ciphertext_word_in[23]",
					"strict" : false
				},
				{
					"name" : "ciphertext_word_in[24]",
					"strict" : false
				},
				{
					"name" : "ciphertext_word_in[25]",
					"strict" : false
				},
				{
					"name" : "ciphertext_word_in[26]",
					"strict" : false
				},
				{
					"name" : "ciphertext_word_in[27]",
					"strict" : false
				},
				{
					"name" : "ciphertext_word_in[28]",
					"strict" : false
				},
				{
					"name" : "ciphertext_word_in[29]",
					"strict" : false
				},
				{
					"name" : "ciphertext_word_in[30]",
					"strict" : false
				},
				{
					"name" : "ciphertext_word_in[31]",
					"strict" : false
				}
			]
		}
	]
}